{
    "Burnley": "Burnley",
    "Arsenal": "Arsenal",
    "Aston Villa": "Aston Villa",
    "Newcastle Utd": "Newcastle",
    "Liverpool": "Liverpool",
    "Fulham": "Fulham",
    "Tottenham": "Tottenham",
    "Crystal Palace": "Crystal Palace",
    "Chelsea": "Chelsea",
    "Everton": "Everton",
    "Leeds Utd": "Leeds",
    "West Brom": "West Brom",
    "Manchester City": "Manchester City",
    "Southampton": "Southampton",
    "Brighton": "Brighton",
    "Leicester City": "Leicester",
    "Sheffield Utd": "Sheffield United",
    "Manchester Utd": "Manchester United",
    "West Ham": "West Ham",
    "Wolves": "Wolves",
    "Atl. Madrid": "Atletico Madrid",
    "Alaves": "Deportivo Alaves",
    "Ath. Bilbao": "Athletic Bilbao",
    "Elche": "Elche",
    "Cadiz CF": "Cadiz",
    "Barcelona": "Barcelona",
    "Huesca": "SD Huesca",
    "Celta Vigo": "Celta de Vigo",
    "Granada": "Granada",
    "Getafe": "Getafe",
    "Levante": "Levante",
    "Valencia": "Valencia",
    "Real Madrid": "Real Madrid",
    "Osasuna": "Osasuna",
    "Real Sociedad": "Real Sociedad",
    "Eibar": "SD Eibar",
    "Villarreal": "Villarreal",
    "Sevilla": "Sevilla",
    "Real Betis": "Real Betis",
    "Valladolid": "Real Valladolid",
    "Benevento": "Benevento",
    "Bologna": "Bologna",
    "Cagliari": "Cagliari",
    "Crotone": "Crotone",
    "Genoa": "Genoa",
    "Juventus": "Juventus",
    "Fiorentina": "Fiorentina",
    "Hellas Verona": "Hellas Verona",
    "Milan": "AC Milan",
    "Napoli": "Napoli",
    "Inter": "Inter Milan",
    "Atalanta": "Atalanta",
    "Lazio": "Lazio",
    "Spezia": "Spezia",
    "Sassuolo": "Sassuolo",
    "Sampdoria": "Sampdoria",
    "Parma": "Parma",
    "Roma": "Roma",
    "Torino": "Torino",
    "Udinese": "Udinese",
    "Arminia Bielefeld": "Arminia Bielefeld",
    "Augsburg": "Augsburg",
    "Bayer Leverkusen": "Bayer Leverkusen",
    "Borussia Dortmund": "Borussia Dortmund",
    "Hertha BSC": "Hertha BSC",
    "Eintracht Frankfurt": "Eintracht Frankfurt",
    "Stuttgart": "Stuttgart",
    "Freiburg": "Freiburg",
    "Leipzig": "RB Leipzig",
    "Hoffenheim": "Hoffenheim",
    "Bayern Munich": "Bayern Munich",
    "Mainz": "Mainz 05",
    "Monchengladbach": "Monchengladbach",
    "Union Berlin": "Union Berlin",
    "Schalke": "Schalke 04",
    "Cologne": "FC Koln",
    "Werder Bremen": "Werder Bremen",
    "Wolfsburg": "Wolfsburg",
    "Marseille": "Olympique Marseille",
    "Reims": "Stade Reims",
    "Lyon": "Olympique Lyonnais",
    "Angers": "SCO Angers",
    "St. Etienne": "Saint-Etienne",
    "Brest": "Stade Brestois",
    "Nimes": "Olympique Nimes",
    "Montpellier": "Montpellier HSC",
    "Dijon": "Dijon FCO",
    "Bordeaux": "Bordeaux",
    "Lens": "RC Lens",
    "Metz": "FC Metz",
    "Lorient": "Lorient",
    "Nice": "OGC Nice",
    "Stade Rennes": "Stade Rennes",
    "Strasbourg": "Strasbourg Alsace",
    "Monaco": "AS Monaco",
    "Lille": "LOSC Lille",
    "PSG": "PSG",
    "Nantes": "Nantes",
    "Slavia Prague": "Slavia Prague",
    "Dinamo Zagreb": "Dinamo Zagreb",
    "Venlo": "VVV Venlo",
    "Groningen": "FC Groningen",
    "Willem II": "Willem II",
    "AZ Alkmaar": "AZ Alkmaar",
    "Twente": "FC Twente",
    "Vitesse": "Vitesse Arnhem",
    "Sparta Rotterdam": "Sparta Rotterdam",
    "Zwolle": "PEC Zwolle",
    "Feyenoord": "Feyenoord",
    "Sittard": "Fortuna Sittard",
    "PSV": "PSV Eindhoven",
    "Heracles": "Heracles Almelo",
    "Den Haag": "ADO Den Haag",
    "Utrecht": "FC Utrecht",
    "Heerenveen": "Heerenveen",
    "Ajax": "Ajax",
    "Emmen": "FC Emmen",
    "Waalwijk": "RKC Waalwijk",
    "Rio Ave FC": "Rio Ave",
    "Gil Vicente FC": "Gil Vicente",
    "Porto": "FC Porto",
    "CD Santa Clara": "Santa Clara",
    "Belenenses": "Belenenses SAD",
    "Boavista": "Boavista FC",
    "V. Guimaraes": "Vitoria Guimarares",
    "CD Tondela": "CD Tondela",
    "FC Famalicao": "FC Famalicao",
    "Pacos Ferreira": "Pacos de Ferreira",
    "Sporting Farense": "Sporting Farense",
    "Braga": "SC Braga",
    "Maritimo": "Maritimo",
    "Moreirense": "Moreirense FC",
    "Sporting": "Sporting CP",
    "Benfica": "Benfica",
    "Portimonense SC": "Portimonense",
    "Rio Ave": "Rio Ave",
    "Gil Vicente": "Gil Vicente",
    "Nacional": "Nacional",
    "Royal Charleroi": "Royal Charleroi",
    "Standard Liege": "Standard Liege",
    "OH Leuven": "OH Leuven",
    "Zulte Waregem": "Zulte Waregem",
    "St. Truidense": "St. Truidense",
    "Kortrijk": "KV Kortrijk",
    "Club Brugge": "Club Brugge",
    "Oostende": "Oostende",
    "Royal Antwerp": "Royal Antwerp",
    "K Beerschot VA": "Beerschot",
    "Eupen": "KAS Eupen",
    "Cercle Brugge": "Cercle Brugge",
    "YR Mechelen": "KV Mechelen",
    "Gent": "Gent",
    "Genk": "Genk",
    "Waasland Beveren": "Waasland-Beveren",
    "Anderlecht": "Anderlecht",
    "Royal Excel Mouscron": "Royal Excel Mouscron",
    "Ufa": "FC Ufa",
    "Republican Akhmat Grozny": "FC Akhmat",
    "Arsenal Tula": "Arsenal Tula",
    "Krasnodar": "FC Krasnodar",
    "Zenit St. Petersburg": "Zenit St. Petersburg",
    "CSKA Moscow": "CSKA Moscow",
    "Khimki": "Khimki",
    "Lokomotiv Moscow": "Lokomotiv Moscow",
    "Rostov": "FC Rostov",
    "Rotor Volgograd": "FC Rotor Volgograd",
    "Dinamo Moscow": "Dinamo Moscow",
    "FK Ural Yekaterinburg": "Ural",
    "Rubin Kazan": "Rubin Kazan",
    "PFK Sochi": "PFC Sochi",
    "Spartak Moscow": "Spartak Moscow",
    "Tambov": "FK Tambov",
    "Hatayspor": "Hatayspor",
    "Genclerbirligi": "Genclerbirligi",
    "Goztepe": "Goztepe",
    "Trabzonspor": "Trabzonspor",
    "Fatih Karagumruk": "Fatih Karagumruk",
    "Antalyaspor AS": "Antalyaspor",
    "Kayserispor": "Kayserispor",
    "Denizlispor": "Denizlispor",
    "Caykur Rizespor": "Rizespor",
    "Besiktas": "Besiktas",
    "Sivasspor": "Sivasspor",
    "Yeni Malatyaspor": "Malatyaspor",
    "Buyuksehir Belediye Erzurumspor": "Erzurumspor BB",
    "Istanbul Basaksehir": "Istanbul Basaksehir",
    "Alanyaspor": "Alanyaspor",
    "Fenerbahce": "Fenerbahce",
    "MKE Ankaragucu": "Ankaragucu",
    "Gazisehir Gaziantep": "Gaziantep FK",
    "Konyaspor Club": "Konyaspor",
    "Galatasaray": "Galatasaray",
    "Kasimpasa": "Kasimpasa",
    "Hamilton": "Hamilton Academical",
    "Dundee Utd": "Dundee United",
    "Motherwell": "Motherwell FC",
    "St Mirren": "St Mirren FC",
    "Celtic": "Celtic",
    "Livingston": "Livingston",
    "Kilmarnock": "Kilmarnock",
    "Ross County": "Ross County",
    "St Johnstone": "St Johnstone",
    "Aberdeen": "Aberdeen",
    "Rangers": "Rangers",
    "Hibernian": "Hibernian",
    "Brentford": "Brentford",
    "Watford": "Watford",
    "Norwich": "Norwich",
    "Bournemouth": "Bournemouth",
    "Blackburn Rovers": "Blackburn Rovers",
    "Swansea": "Swansea",
    "Derby County": "Derby County",
    "Huddersfield Town": "Huddersfield Town",
    "Bristol City": "Bristol City",
    "Blackpool": "Blackpool",
    "Cardiff City": "Cardiff City",
    "Barnsley": "Barnsley",
    "Stoke City": "Stoke City",
    "Reading": "Reading",
    "Preston": "Preston North End",
    "Hull City": "Hull City",
    "QPR": "QPR",
    "Millwall": "Millwall",
    "Luton Town": "Luton Town",
    "Peterborough": "Peterborough",
    "Birmingham City": "Birmingham City",
    "Middlesbrough": "Middlesbrough",
    "Coventry City": "Coventry City",
    "Nottingham Forest": "Nottingham Forest",
    "Rotherham": "Rotherham",
    "Plymouth Argyle": "Plymouth Argyle",
    "Crewe": "Crewe Alexandra",
    "Cheltenham Town": "Cheltenham Town",
    "Gillingham": "Gillingham",
    "Lincoln City": "Lincoln City",
    "Ipswich Town": "Ipswich Town",
    "Morecambe": "Morecambe",
    "Sunderland": "Sunderland",
    "Wigan": "Wigan",
    "Shrewsbury Town": "Shrewsbury Town",
    "Burton Albion": "Burton Albion",
    "Doncaster Rovers": "Doncaster Rovers",
    "Wimbledon": "AFC Wimbledon",
    "Wycombe": "Wycombe",
    "Accrington Stanley": "Accrington Stanley",
    "Bolton": "Bolton Wanderers",
    "MK Dons": "MK Dons",
    "Fleetwood Town": "Fleetwood Town",
    "Portsmouth": "Portsmouth",
    "Cambridge Utd": "Cambridge United",
    "Oxford Utd": "Oxford United",
    "Charlton": "Charlton",
    "Sheffield Weds": "Sheffield Wed",
    "Northampton Town": "Northampton Town",
    "Port Vale": "Port Vale",
    "Tranmere": "Tranmere",
    "Walsall": "Walsall",
    "Harrogate Town": "Harrogate Town",
    "Rochdale": "Rochdale",
    "Stevenage": "Stevenage",
    "Barrow": "Barrow",
    "Scunthorpe Utd": "Scunthorpe United",
    "Swindon Town": "Swindon Town",
    "Salford City": "Salford City",
    "Leyton Orient": "Leyton Orient",
    "Carlisle Utd": "Carlisle United",
    "Colchester Utd": "Colchester United",
    "Exeter City": "Exeter City",
    "Bradford City": "Bradford City",
    "Forest Green Rovers": "Forest Green Rovers",
    "Sutton Utd": "Sutton United",
    "Oldham Athletic": "Oldham Athletic",
    "Newport County": "Newport County",
    "Mansfield Town": "Mansfield Town",
    "Bristol Rovers": "Bristol Rovers",
    "Hartlepool Utd": "Hartlepool United",
    "Crawley Town": "Crawley Town",
    "Bochum": "Bochum",
    "Greuther Furth": "Greuther Furth",
    "St. Pauli": "St. Pauli",
    "Hamburg": "Hamburger",
    "Erzgebirge Aue": "Erzgebirge Aue",
    "Holstein Kiel": "Holstein Kiel",
    "Regensburg": "Regensburg",
    "Nurnberg": "Nurnberg",
    "Fortuna Dusseldorf": "Fortuna Dusseldorf",
    "Sandhausen": "Sandhausen",
    "Karlsruher": "Karlsruher",
    "Dynamo Dresden": "Dynamo Dresden",
    "Hannover": "Hannover",
    "Paderborn": "Paderborn",
    "Darmstadt 98": "Darmstadt",
    "Ingolstadt": "Ingolstadt",
    "Heidenheim": "Heidenheim",
    "Hansa Rostock": "Hansa Rostock",
    "Espanyol": "Espanyol",
    "Mallorca": "Mallorca",
    "Rayo Vallecano": "Rayo Vallecano",
    "Troyes": "Troyes",
    "Clermont Foot": "Clermont Foot",
    "Caen": "SM Caen",
    "Sochaux": "Sochaux",
    "Auxerre": "AJ Auxerre",
    "Ajaccio": "AC Ajaccio",
    "Amiens": "Amiens",
    "Quevilly-Rouen Metropole": "Quevilly-Rouen",
    "USL Dunkerque": "USL Dunkerque",
    "Chamois Niort": "Chamois Niort",
    "Rodez Aveyron": "Rodez Aveyron",
    "Grenoble Foot": "Grenoble Foot",
    "Guingamp": "EA Guingamp",
    "Le Havre": "Le Havre",
    "Paris FC 98": "Paris FC",
    "Pau": "Pau FC",
    "Toulouse": "Toulouse",
    "Valenciennes": "Valenciennes",
    "Nancy": "Nancy",
    "Empoli": "Empoli",
    "Salernitana": "Salernitana",
    "Venezia": "Venezia",
    "Serie A": "Serie A",
    "Serie B": "Serie B",
    "Bundesliga": "Bundesliga",
    "2. Bundesliga": "2 Bundesliga",
    "Premier League": "Premier League",
    "Championship": "Championship",
    "Ligue 1": "Ligue 1",
    "Ligue 2": "Ligue 2",
    "League One": "League One",
    "League Two": "League Two",
    "LaLiga": "La Liga",
    "LaLiga 2": "La Liga 2",
    "Bastia": "SC Bastia"
}