{
    "West Bromwich": "West Brom",
    "Everton": "Everton",
    "Fulham": "Fulham",
    "Tottenham": "Tottenham",
    "Liverpool": "Liverpool",
    "Chelsea": "Chelsea",
    "Burnley": "Burnley",
    "Arsenal": "Arsenal",
    "Sheffield Utd": "Sheffield United",
    "Southampton": "Southampton",
    "Aston Villa": "Aston Villa",
    "Wolverhampton": "Wolves",
    "Brighton": "Brighton",
    "Leicester": "Leicester",
    "Newcastle": "Newcastle",
    "Man. City": "Manchester City",
    "Man. Utd": "Manchester United",
    "Crystal Palace": "Crystal Palace",
    "West Ham": "West Ham",
    "Leeds": "Leeds",
    "Watford": "Watford",
    "Norwich": "Norwich",
    "Bournemouth": "Bournemouth",
    "Blackburn": "Blackburn Rovers",
    "Swansea": "Swansea",
    "Bristol City": "Bristol City",
    "Blackpool": "Blackpool",
    "Cardiff": "Cardiff City",
    "Barnsley": "Barnsley",
    "Derby": "Derby County",
    "Huddersfield": "Huddersfield Town",
    "Luton": "Luton Town",
    "Peterborough": "Peterborough",
    "Preston": "Preston North End",
    "Hull City": "Hull City",
    "QPR": "QPR",
    "Millwall": "Millwall",
    "Stoke": "Stoke City",
    "Reading": "Reading",
    "Birmingham": "Birmingham City",
    "Middlesbrough": "Middlesbrough",
    "Coventry": "Coventry City",
    "Nottingham Forest": "Nottingham Forest",
    "Bolton Wanderers": "Bolton Wanderers",
    "MK Dons": "MK Dons",
    "Cambridge Utd": "Cambridge United",
    "Oxford Utd": "Oxford Utd",
    "Crewe Alexandra": "Crewe Alexandra",
    "Cheltenham": "Cheltenham Town",
    "Doncaster": "Doncaster Rovers",
    "AFC Wimbledon": "AFC Wimbledon",
    "Fleetwood Town": "Fleetwood Town",
    "Portsmouth": "Portsmouth",
    "Gillingham": "Gillingham",
    "Lincoln": "Lincoln City",
    "Ipswich": "Ipswich Town",
    "Morecambe": "Morecambe",
    "Rotherham": "Rotherham",
    "Plymouth": "Plymouth Argyle",
    "Shrewsbury": "Shrewsbury Town",
    "Burton": "Burton Albion",
    "Sunderland": "Sunderland",
    "Wigan": "Wigan",
    "Wycombe": "Wycombe",
    "Accrington": "Accrington Stanley",
    "Charlton": "Charlton",
    "Sheffield Wed": "Sheffield Wed",
    "Carlisle": "Carlisle United",
    "Colchester": "Colchester United",
    "Exeter": "Exeter City",
    "Bradford": "Bradford City",
    "Forest Green": "Forest Green Rovers",
    "Sutton": "Sutton United",
    "Harrogate Town": "Harrogate Town",
    "Rochdale": "Rochdale",
    "Hartlepool": "Hartlepool United",
    "Crawley": "Crawley Town",
    "Mansfield": "Mansfield Town",
    "Bristol Rovers": "Bristol Rovers",
    "Northampton": "Northampton Town",
    "Port Vale": "Port Vale",
    "Oldham": "Oldham Athletic",
    "Newport": "Newport County",
    "Salford City": "Salford City",
    "Leyton Orient": "Leyton Orient",
    "Scunthorpe": "Scunthorpe United",
    "Swindon": "Swindon Town",
    "Stevenage": "Stevenage",
    "Barrow": "Barrow",
    "Tranmere": "Tranmere",
    "Walsall": "Walsall",
    "Brentford": "Brentford",
    "Valencia": "Valencia",
    "Villarreal": "Villarreal",
    "Real Valladolid": "Real Valladolid",
    "Getafe": "Getafe",
    "Elche": "Elche",
    "Sevilla": "Sevilla",
    "Cadiz": "Cadiz",
    "Eibar": "SD Eibar",
    "Osasuna": "Osasuna",
    "Barcelona": "Barcelona",
    "Huesca": "SD Huesca",
    "Celta": "Celta de Vigo",
    "Atl. Madrid": "Atletico Madrid",
    "Real Madrid": "Real Madrid",
    "Real Sociedad": "Real Sociedad",
    "Levante": "Levante",
    "Athletic Bilbao": "Athletic Bilbao",
    "Granada": "Granada",
    "Betis": "Real Betis",
    "Alaves": "Deportivo Alaves",
    "Parma": "Parma",
    "Inter": "Inter Milan",
    "Spezia": "Spezia",
    "Benevento": "Benevento",
    "Udinese": "Udinese",
    "Sassuolo": "Sassuolo",
    "Juventus": "Juventus",
    "Lazio": "Lazio",
    "Roma": "Roma",
    "Genoa": "Genoa",
    "Fiorentina": "Fiorentina",
    "Verona": "Hellas Verona",
    "Milan": "AC Milan",
    "Crotone": "Crotone",
    "Torino": "Torino",
    "Sampdoria": "Sampdoria",
    "Cagliari": "Cagliari",
    "Napoli": "Napoli",
    "Bologna": "Bologna",
    "Atalanta": "Atalanta",
    "Schalke": "Schalke 04",
    "Mainz": "Mainz 05",
    "Bayer Leverkusen": "Bayer Leverkusen",
    "Hoffenheim": "Hoffenheim",
    "Wolfsburg": "Wolfsburg",
    "Freiburg": "Freiburg",
    "Leipzig": "RB Leipzig",
    "Eintracht Frankfurt": "Eintracht Frankfurt",
    "Stuttgart ": "Stuttgart",
    "Bayern M.": "Bayern Munich",
    "Stuttgart": "Stuttgart",
    "Hertha": "Hertha BSC",
    "B. Monchengladbach": "Monchengladbach",
    "Union Berlin": "Union Berlin",
    "Augsburg": "Augsburg",
    "B. Dortmund": "Borussia Dortmund",
    "Cologne": "FC Koln",
    "Werder": "Werder Bremen",
    "Arminia Bielefeld": "Arminia Bielefeld",
    "Angers": "SCO Angers",
    "Saint Etienne": "Saint-Etienne",
    "Stade Brest": "Stade Brestois",
    "Nimes": "Olympique Nimes",
    "Montpellier": "Montpellier HSC",
    "Strasbourg": "Strasbourg Alsace",
    "Lorient": "Lorient",
    "Bordeaux": "Bordeaux",
    "Monaco": "AS Monaco",
    "PSG": "PSG",
    "Rennes": "Stade Rennes",
    "Nice": "OGC Nice",
    "Lens": "RC Lens",
    "Reims": "Stade Reims",
    "Nantes": "Nantes",
    "Metz": "FC Metz",
    "Lille": "LOSC Lille",
    "Dijon": "Dijon FCO",
    "Lyon": "Olympique Lyonnais",
    "Marseille": "Olympique Marseille",
    "Slavia Prague": "Slavia Prague",
    "Dinamo Zagreb": "Dinamo Zagreb",
    "VVV Venlo": "VVV Venlo",
    "Groningen": "FC Groningen",
    "Willem II": "Willem II",
    "AZ Alkmaar": "AZ Alkmaar",
    "Twente": "FC Twente",
    "Vitesse": "Vitesse Arnhem",
    "Sparta": "Sparta Rotterdam",
    "PEC Zwolle": "PEC Zwolle",
    "Feyenoord": "Feyenoord",
    "Fortuna Sittard": "Fortuna Sittard",
    "PSV": "PSV Eindhoven",
    "Heracles": "Heracles Almelo",
    "ADO Den Haag": "ADO Den Haag",
    "Utrecht": "FC Utrecht",
    "Heerenveen": "Heerenveen",
    "Ajax": "Ajax",
    "Emmen": "FC Emmen",
    "RKC Waalwijk": "RKC Waalwijk",
    "Rio Ave FC": "Rio Ave",
    "Gil Vicente FC": "Gil Vicente",
    "Porto": "FC Porto",
    "Santa Clara": "Santa Clara",
    "Belenenses": "Belenenses SAD",
    "Boavista": "Boavista FC",
    "Guimaraes": "Vitoria Guimarares",
    "Tondela": "CD Tondela",
    "Famalicao": "FC Famalicao",
    "Pacos Ferreira": "Pacos de Ferreira",
    "Sporting Farense": "Sporting Farense",
    "Braga": "SC Braga",
    "Maritimo": "Maritimo",
    "Moreirense": "Moreirense FC",
    "Sporting": "Sporting CP",
    "Benfica": "Benfica",
    "Portimonense": "Portimonense",
    "Rio Ave": "Rio Ave",
    "Gil Vicente": "Gil Vicente",
    "Nacional": "Nacional",
    "Royal Charleroi": "Royal Charleroi",
    "Standard": "Standard Liege",
    "Oud-Heverlee Leuven": "OH Leuven",
    "Zulte Waregem": "Zulte Waregem",
    "St. Truidense": "St. Truidense",
    "Kortrijk": "KV Kortrijk",
    "Club Brugge": "Club Brugge",
    "Oostende": "Oostende",
    "Antwerp": "Royal Antwerp",
    "Beerschot VA": "Beerschot",
    "Eupen": "KAS Eupen",
    "Cercle Brugge": "Cercle Brugge",
    "Mechelen": "KV Mechelen",
    "Gent": "Gent",
    "Genk": "Genk",
    "Waasland-Beveren": "Waasland-Beveren",
    "Anderlecht": "Anderlecht",
    "Royal Mouscron": "Royal Excel Mouscron",
    "Ufa": "FC Ufa",
    "Akhmat Grozny": "FC Akhmat",
    "Arsenal Tula": "Arsenal Tula",
    "Krasnodar": "FC Krasnodar",
    "Zenit St Petersburg": "Zenit St. Petersburg",
    "CSKA Moscow": "CSKA Moscow",
    "Khimki": "Khimki",
    "Lokomotiv": "Lokomotiv Moscow",
    "Rostov": "FC Rostov",
    "Rotor Volgograd": "FC Rotor Volgograd",
    "Dinamo Moscow": "Dinamo Moscow",
    "Ural": "Ural",
    "Rubin": "Rubin Kazan",
    "Sochi": "PFC Sochi",
    "Spartak Moscow": "Spartak Moscow",
    "Tambov": "Fk Tambov",
    "Hatayspor": "Hatayspor",
    "Genclerbirligi": "Genclerbirligi",
    "Goztepespor": "Goztepe",
    "Trabzonspor": "Trabzonspor",
    "Fatih Karagumruk": "Fatih Karagumruk",
    "Antalyaspor": "Antalyaspor",
    "Kayserispor": "Kayserispor",
    "Denizlispor": "Denizlispor",
    "Caykur Rizespor": "Rizespor",
    "Besiktas": "Besiktas",
    "Sivasspor": "Sivasspor",
    "Malatya Bld Spor": "Malatyaspor",
    "Erzurum Buyuksehir": "Erzurumspor BB",
    "Basaksehir": "Istanbul Basaksehir",
    "Alanyaspor": "Alanyaspor",
    "Fenerbahce": "Fenerbahce",
    "Ankaragucu": "Ankaragucu",
    "Gaziantep Bld Spor": "Gaziantep FK",
    "Konyaspor": "Konyaspor",
    "Galatasaray": "Galatasaray",
    "Kasimpasa": "Kasimpasa",
    "Hamilton": "Hamilton Academical",
    "Dundee Utd": "Dundee United",
    "Motherwell": "Motherwell FC",
    "St Mirren": "St Mirren FC",
    "Celtic": "Celtic",
    "Livingston": "Livingston",
    "Kilmarnock": "Kilmarnock",
    "Ross County": "Ross County",
    "St.Johnstone": "St Johnstone",
    "Aberdeen": "Aberdeen",
    "Rangers": "Rangers",
    "Hibernian": "Hibernian",
    "Turkey": "Turkey",
    "Italy": "Italy",
    "Wales": "Wales",
    "Switzerland": "Switzerland",
    "Denmark": "Denmark",
    "Belgium": "Belgium",
    "Russia": "Russia",
    "England": "England",
    "Croatia": "Croatia",
    "Spain": "Sweden",
    "France": "France",
    "Germany": "Germany",
    "Finland": "Finland",
    "Netherlands": "Netherlands",
    "Austria": "Austria",
    "Ukraine": "Ukraine",
    "Greuther Furth": "Greuther Furth",
    "Bochum": "Bochum",
    "Erzgebirge Aue": "Erzgebirge Aue",
    "St. Pauli": "St. Pauli",
    "Hamburger": "Hamburger",
    "Holstein Kiel": "Holstein Kiel",
    "Jahn Regensburg": "Regensburg",
    "Nurnberg": "Nurnberg",
    "Fortuna Dusseldorf": "Fortuna Dusseldorf",
    "Sandhausen": "Sandhausen",
    "Karlsruher": "Karlsruher",
    "Dynamo Dresden": "Dynamo Dresden",
    "Hannover": "Hannover",
    "Darmstadt": "Darmstadt",
    "Ingolstadt": "Ingolstadt",
    "Heidenheim": "Heidenheim",
    "Hansa Rostock": "Hansa Rostock",
    "Paderborn": "Paderborn",
    "Real Zaragoza": "Real Zaragoza",
    "UD Ibiza Eivissa": "UD Ibiza Eivissa",
    "Espanyol": "Espanyol",
    "Real Sociedad B": "Real Sociedad B",
    "Leganes": "Leganes",
    "Girona": "Girona",
    "SD Amorebieta": "SD Amorebieta",
    "Mallorca": "Mallorca",
    "Ponferradina": "Ponferradina",
    "Alcorcon": "Alcorcon",
    "Sporting Gijon": "Sporting Gijon",
    "Burgos CF": "Burgos CF",
    "Real Oviedo": "Real Oviedo",
    "Lugo": "Lugo",
    "Fuenlabrada": "Fuenlabrada",
    "Tenerife": "Tenerife",
    "Las Palmas": "Las Palmas",
    "Rayo Vallecano": "Rayo Vallecano",
    "Malaga": "Malaga",
    "Mirandes": "Mirandes",
    "FC Cartagena": "FC Cartagena",
    "Almeria": "Almeria",
    "Troyes": "Troyes",
    "Clermont": "Clermont Foot",
    "Caen": "SM Caen",
    "Sochaux": "Sochaux",
    "AJ Auxerre": "AJ Auxerre",
    "Ajaccio": "AC Ajaccio",
    "Amiens": "Amiens",
    "US Quevilly Rouen": "Quevilly-Rouen",
    "Rodez Aveyron": "Rodez Aveyron",
    "Dunkerque": "USL Dunkerque",
    "Niort": "Chamois Niort",
    "Grenoble Foot": "Grenoble Foot",
    "Guingamp": "EA Guingamp",
    "Le Havre": "Le Havre",
    "Paris FC": "Paris FC",
    "Pau FC": "Pau FC",
    "Toulouse": "Toulouse",
    "Valenciennes": "Valenciennes",
    "AS Nancy": "Nancy",
    "Empoli": "Empoli",
    "Salernitana": "Salernitana",
    "Venezia": "Venezia",
    "ITA - Serie A": "Serie A",
    "ITA - Serie A ": "Serie A",
    "ITA - Serie B": "Serie B",
    "ITA - Serie B ": "Serie B",
    "GER - Bundesliga": "Bundesliga",
    "GER - Bundesliga ": "Bundesliga",
    "GER - 2 Bundesliga": "2 Bundesliga",
    "GER - 2 Bundesliga ": "2 Bundesliga",
    "GER - Bundesliga 2": "2 Bundesliga",
    "GER - Bundesliga 2 ": "2 Bundesliga",
    "ENG - Premier League": "Premier League",
    "ENG - Premier League ": "Premier League",
    "ENG - Championship": "Championship",
    "ENG - Championship ": "Championship",
    "FRA - Ligue 1": "Ligue 1",
    "Ligue 1": "Ligue 1",
    "FRA - Ligue 1 ": "Ligue 1",
    "FRA - Ligue 2": "Ligue 2",
    "FRA - Ligue 2 ": "Ligue 2",
    "ENG - League One": "League One",
    "ENG - League One ": "League One",
    "ENG - League Two": "League Two",
    "ENG - League Two ": "League Two",
    "ESP - LaLiga": "La Liga",
    "ESP - LaLiga ": "La Liga",
    "ESP - LaLiga 2": "La Liga 2",
    "ESP - LaLiga 2 ": "La Liga 2",
    "Bastia": "SC Bastia",
    "Nancy": "Nancy",
    "Pau": "Pau FC",
    "Grenoble": "Grenoble Foot",
    "Quevilly Rouen": "Quevilly-Rouen",
    "Auxerre": "AJ Auxerre"
}