{
    "West Bromwich Albion": "West Brom",
    "Everton FC": "Everton",
    "Fulham FC": "Fulham",
    "Tottenham Hotspur FC": "Tottenham",
    "Liverpool FC": "Liverpool",
    "Chelsea FC": "Chelsea",
    "Burnley FC": "Burnley",
    "Arsenal FC": "Arsenal",
    "Sheffield United FC": "Sheffield United",
    "Southampton FC": "Southampton",
    "Aston Villa FC": "Aston Villa",
    "Aston Villa": "Aston Villa",
    "Wolverhampton Wanderers FC": "Wolves",
    "Brighton & Hove Albion FC": "Brighton",
    "Leicester City FC": "Leicester",
    "Newcastle United FC": "Newcastle",
    "Manchester City FC": "Manchester City",
    "Manchester United FC": "Manchester United",
    "Crystal Palace FC": "Crystal Palace",
    "West Ham United FC": "West Ham",
    "Leeds United": "Leeds",
    "Valencia CF": "Valencia",
    "Villarreal CF": "Villarreal",
    "Real Valladolid": "Real Valladolid",
    "Getafe CF": "Getafe",
    "Elche CF": "Elche",
    "Sevilla FC": "Sevilla",
    "Cadiz CF": "Cadiz",
    "SD Eibar": "SD Eibar",
    "CA Osasuna": "Osasuna",
    "FC Barcelona": "Barcelona",
    "SD Huesca": "SD Huesca",
    "RC Celta de Vigo": "Celta de Vigo",
    "Atletico Madrid": "Atletico Madrid",
    "Real Madrid": "Real Madrid",
    "Real Sociedad": "Real Sociedad",
    "Levante UD": "Levante",
    "Athletic Bilbao": "Athletic Bilbao",
    "Granada CF": "Granada",
    "Real Betis Balompie": "Real Betis",
    "Deportivo Alaves": "Deportivo Alaves",
    "Parma Calcio 1913": "Parma",
    "FC Inter Milano": "Inter Milan",
    "Spezia Calcio": "Spezia",
    "Benevento Calcio": "Benevento",
    "Udinese Calcio": "Udinese",
    "US Sassuolo Calcio": "Sassuolo",
    "Juventus FC": "Juventus",
    "SS Lazio": "Lazio",
    "AS Roma": "Roma",
    "Genoa CFC": "Genoa",
    "ACF Fiorentina": "Fiorentina",
    "Hellas Verona FC": "Hellas Verona",
    "AC Milan": "AC Milan",
    "FC Crotone": "Crotone",
    "Torino FC": "Torino",
    "UC Sampdoria": "Sampdoria",
    "Cagliari Calcio": "Cagliari",
    "SSC Napoli": "Napoli",
    "Bologna FC 1909": "Bologna",
    "Atalanta BC": "Atalanta",
    "FC Schalke 04": "Schalke 04",
    "1. FSV Mainz 05": "Mainz 05",
    "Borussia Monchengladbach": "Monchengladbach",
    "Bayer 04 Leverkusen": "Bayer Leverkusen",
    "TSG 1899 Hoffenheim": "Hoffenheim",
    "VfL Wolfsburg": "Wolfsburg",
    "SC Freiburg": "Freiburg",
    "RB Leipzig": "RB Leipzig",
    "Eintracht Frankfurt": "Eintracht Frankfurt",
    "VfB Stuttgart": "Stuttgart",
    "Hertha BSC": "Hertha BSC",
    "FC Augsburg": "Augsburg",
    "FC Bayern Munich": "Bayern Munich",
    "Borussia Dortmund": "Borussia Dortmund",
    "1. FC Koln": "FC Koln",
    "Werder Bremen": "Werder Bremen",
    "DSC Arminia Bielefeld": "Arminia Bielefeld",
    "1. FC Union Berlin": "Union Berlin",
    "Olympique Marseille": "Olympique Marseille",
    "Stade Rennais FC": "Stade Rennes",
    "Stade Reims": "Stade Reims",
    "Olympique Lyonnais": "Olympique Lyonnais",
    "SCO Angers": "SCO Angers",
    "AS Saint-Etienne": "Saint-Etienne",
    "Stade Brestois 29": "Stade Brestois",
    "Olympique Nimes": "Olympique Nimes",
    "Montpellier HSC": "Montpellier HSC",
    "RC Lens": "RC Lens",
    "FC Metz": "FC Metz",
    "RC Strasbourg Alsace": "Strasbourg Alsace",
    "FC Lorient": "Lorient",
    "OGC Nice": "OGC Nice",
    "Dijon FCO": "Dijon FCO",
    "FC Girondins Bordeaux": "Bordeaux",
    "AS Monaco FC": "AS Monaco",
    "LOSC Lille": "LOSC Lille",
    "Paris Saint-Germain FC": "PSG",
    "FC Nantes": "Nantes",
    "SK Slavia Prague": "Slavia Prague",
    "GNK Dinamo Zagreb": "Dinamo Zagreb",
    "VVV Venlo": "VVV Venlo",
    "FC Groningen": "FC Groningen",
    "Willem II Tilburg": "Willem II",
    "AZ Alkmaar": "AZ Alkmaar",
    "FC Twente Enschede": "FC Twente",
    "Vitesse Arnhem": "Vitesse Arnhem",
    "Sparta Rotterdam": "Sparta Rotterdam",
    "PEC Zwolle": "PEC Zwolle",
    "Feyenoord Rotterdam": "Feyenoord",
    "Fortuna Sittard": "Fortuna Sittard",
    "PSV Eindhoven": "PSV Eindhoven",
    "Heracles Almelo": "Heracles Almelo",
    "ADO Den Haag": "ADO Den Haag",
    "FC Utrecht": "FC Utrecht",
    "SC Heerenveen": "Heerenveen",
    "Ajax Amsterdam": "Ajax",
    "FC Emmen": "FC Emmen",
    "RKC Waalwijk": "RKC Waalwijk",
    "Rio Ave FC": "Rio Ave",
    "Gil Vicente FC": "Gil Vicente",
    "FC Porto": "FC Porto",
    "CD Santa Clara": "Santa Clara",
    "Belenenses SAD": "Belenenses SAD",
    "Boavista FC": "Boavista FC",
    "Vitoria Guimarares": "Vitoria Guimarares",
    "CD Tondela": "CD Tondela",
    "FC Famalicao": "FC Famalicao",
    "FC Pacos Ferreira": "Pacos de Ferreira",
    "Sporting Farense": "Sporting Farense",
    "SC Braga": "SC Braga",
    "Moreirense FC": "Moreirense FC",
    "Sporting CP": "Sporting CP",
    "Portimonense SC": "Portimonense",
    "CS Maritimo Madeira": "Maritimo",
    "SL Benfica": "Benfica",
    "CD Nacional Madeira": "Nacional",
    "Royal Charleroi SC": "Royal Charleroi",
    "Standard Liege": "Standard Liege",
    "Oud-Heverlee Leuven": "OH Leuven",
    "SV Zulte Waregem": "Zulte Waregem",
    "St. Truidense VV": "St. Truidense",
    "KV Kortrijk": "KV Kortrijk",
    "Club Brugge": "Club Brugge",
    "KV Oostende": "Oostende",
    "Royal Antwerp FC": "Royal Antwerp",
    "K Beerschot VA": "Beerschot",
    "KAS Eupen": "KAS Eupen",
    "Cercle Brugge": "Cercle Brugge",
    "Yellow-Red KV Mechelen": "KV Mechelen",
    "KAA Gent": "Gent",
    "KRC Genk": "Genk",
    "Waasland-Beveren": "Waasland-Beveren",
    "RSC Anderlecht": "Anderlecht",
    "Royal Excel Mouscron": "Royal Excel Mouscron",
    "FK Ufa": "FC Ufa",
    "RFK Akhmat Grozny": "FC Akhmat",
    "PFK Arsenal Tula": "Arsenal Tula",
    "FC Krasnodar": "FC Krasnodar",
    "FK Zenit Saint Petersburg": "Zenit St. Petersburg",
    "CSKA Moscow": "CSKA Moscow",
    "FK Khimki": "Khimki",
    "FK Lokomotiv Moscow": "Lokomotiv Moscow",
    "FC Rostov": "FC Rostov",
    "SK Rotor Volgograd": "FC Rotor Volgograd",
    "FK Dinamo Moscow": "Dinamo Moscow",
    "FK Ural Yekaterinburg": "Ural",
    "FK Rubin Kazan": "Rubin Kazan",
    "PFK Sochi": "PFC Sochi",
    "FK Spartak Moscow": "Spartak Moscow",
    "RFC Seraing": "RFC Seraing",
    "FK Tambov": "FK Tambov",
    "Hamilton Academical FC": "Hamilton Academical",
    "Dundee United": "Dundee United",
    "Motherwell FC": "Motherwell FC",
    "St Mirren FC": "St Mirren FC",
    "Celtic Glasgow": "Celtic",
    "Livingston FC": "Livingston",
    "Kilmarnock FC": "Kilmarnock",
    "Ross County FC": "Ross County",
    "St Johnstone FC": "St Johnstone",
    "Aberdeen FC": "Aberdeen",
    "Glasgow Rangers": "Rangers",
    "Hibernian FC": "Hibernian",
    "Hatayspor": "Hatayspor",
    "Genclerbirligi SK": "Genclerbirligi",
    "Goztepe SK": "Goztepe",
    "Trabzonspor": "Trabzonspor",
    "Fatih Karagumruk SK": "Fatih Karagumruk",
    "Antalyaspor AS": "Antalyaspor",
    "Kayserispor": "Kayserispor",
    "Denizlispor": "Denizlispor",
    "Caykur Rizespor": "Rizespor",
    "Besiktas JK": "Besiktas",
    "Sivasspor": "Sivasspor",
    "Yeni Malatyaspor": "Malatyaspor",
    "Buyuksehir Belediye Erzurumspor": "Erzurumspor BB",
    "Istanbul Basaksehir FK": "Istanbul Basaksehir",
    "Alanyaspor": "Alanyaspor",
    "Fenerbahce": "Fenerbahce",
    "MKE Ankaragucu": "Ankaragucu",
    "Gaziantep FK": "Gaziantep FK",
    "Konyaspor 1922": "Konyaspor",
    "Galatasaray": "Galatasaray",
    "Kasimpasa": "Kasimpasa",
    "Turkey": "Turkey",
    "Italy": "Italy",
    "Wales": "Wales",
    "Switzerland": "Switzerland",
    "Denmark": "Denmark",
    "Belgium": "Belgium",
    "Russia": "Russia",
    "England": "England",
    "Croatia": "Croatia",
    "Spain": "Sweden",
    "France": "France",
    "Germany": "Germany",
    "Finland": "Finland",
    "Netherlands": "Netherlands",
    "Austria": "Austria",
    "Ukraine": "Ukraine",
    "Brentford FC": "Brentford",
    "Watford FC": "Watford",
    "Norwich City FC": "Norwich",
    "AFC Bournemouth": "Bournemouth",
    "Stoke City": "Stoke City",
    "Reading FC": "Reading",
    "Blackburn Rovers": "Blackburn Rovers",
    "Swansea City": "Swansea",
    "Cardiff City": "Cardiff City",
    "Barnsley": "Barnsley",
    "Queens Park Rangers": "QPR",
    "Millwall FC": "Millwall",
    "Bristol City": "Bristol City",
    "Blackpool": "Blackpool",
    "Luton Town": "Luton Town",
    "Peterborough United": "Peterborough",
    "Preston North End": "Preston North End",
    "Hull City": "Hull City",
    "Derby County": "Derby County",
    "Huddersfield Town": "Huddersfield Town",
    "Birmingham City": "Birmingham City",
    "Middlesbrough FC": "Middlesbrough",
    "Coventry City": "Coventry City",
    "Nottingham Forest": "Nottingham Forest",
    "Fulham London": "Fulham",
    "Sheffield United": "Sheffield United",
    "Cambridge United": "Cambridge United",
    "Oxford United": "Oxford United",
    "Shrewsbury Town": "Shrewsbury Town",
    "Burton Albion": "Burton Albion",
    "Doncaster Rovers": "Doncaster Rovers",
    "AFC Wimbledon": "AFC Wimbledon",
    "Rotherham United": "Rotherham",
    "Plymouth Argyle": "Plymouth Argyle",
    "Bolton Wanderers": "Bolton Wanderers",
    "Milton Keynes Dons": "MK Dons",
    "Sunderland AFC": "Sunderland",
    "Wigan Athletic": "Wigan",
    "Wycombe Wanderers": "Wycombe",
    "Accrington Stanley": "Accrington Stanley",
    "Crewe Alexandra": "Crewe Alexandra",
    "Cheltenham Town": "Cheltenham Town",
    "Ipswich Town": "Ipswich Town",
    "Morecambe FC": "Morecambe",
    "Fleetwood Town": "Fleetwood Town",
    "Portsmouth FC": "Portsmouth",
    "Gillingham FC": "Gillingham",
    "Lincoln City": "Lincoln City",
    "Charlton Athletic": "Charlton",
    "Sheffield Wednesday": "Sheffield Wed",
    "Mansfield Town": "Mansfield Town",
    "Bristol Rovers": "Bristol Rovers",
    "Carlisle United": "Carlisle United",
    "Colchester United": "Colchester United",
    "Tranmere Rovers": "Tranmere",
    "Walsall FC": "Walsall",
    "Oldham Athletic": "Oldham Athletic",
    "Newport County AFC": "Newport County",
    "Exeter City": "Exeter City",
    "Bradford City": "Bradford City",
    "Northampton Town": "Northampton Town",
    "Port Vale": "Port Vale",
    "Salford City": "Salford City",
    "Leyton Orient London": "Leyton Orient",
    "Harrogate Town": "Harrogate Town",
    "Rochdale AFC": "Rochdale",
    "Scunthorpe United": "Scunthorpe United",
    "Swindon Town": "Swindon Town",
    "Stevenage FC": "Stevenage",
    "Barrow AFC": "Barrow",
    "Forest Green Rovers": "Forest Green Rovers",
    "Sutton United FC": "Sutton United",
    "Hartlepool United FC": "Hartlepool United",
    "Crawley Town": "Crawley Town",
    "Bayern Munich": "Bayern Munich",
    "VfL Bochum": "Bochum",
    "Union Berlin": "Union Berlin",
    "Bayer Leverkusen": "Bayer Leverkusen",
    "SpVgg Greuther Furth": "Greuther Furth",
    "Arminia Bielefeld": "Arminia Bielefeld",
    "TSG Hoffenheim": "Hoffenheim",
    "FSV Mainz": "Mainz 05",
    "1. FC Cologne": "FC Koln",
    "Greuther Furth": "Greuther Furth",
    "Schalke 04": "Schalke 04",
    "Erzgebirge Aue": "Erzgebirge Aue",
    "FC St. Pauli": "St. Pauli",
    "Hamburger SV": "Hamburger",
    "Holstein Kiel": "Holstein Kiel",
    "Jahn Regensburg": "Regensburg",
    "SV Sandhausen": "Sandhausen",
    "Karlsruher SC": "Karlsruher",
    "1 FC Nuremberg": "Nurnberg",
    "Fortuna Dusseldorf": "Fortuna Dusseldorf",
    "Dynamo Dresden": "Dynamo Dresden",
    "Hannover 96": "Hannover",
    "1. FC Heidenheim 1846": "1. FC Heidenheim 1846",
    "Hansa Rostock": "Hansa Rostock",
    "SC Paderborn 07": "Paderborn",
    "SV Darmstadt 98": "Darmstadt",
    "FC Ingolstadt 04": "Ingolstadt",
    "RCD Espanyol Barcelona": "Espanyol",
    "RCD Mallorca": "Mallorca",
    "Rayo Vallecano": "Rayo Vallecano",
    "ES Troyes AC": "Troyes",
    "Angers SCO": "SCO Angers",
    "AS Saint": "Saint-Etienne",
    "Etienne - FC Lorient": "Etienne - FC Lorient",
    "Clermont Foot": "Clermont Foot",
    "Lille OSC": "Lille OSC",
    "Paris Saint Germain": "PSG",
    "Strasbourg Alsace": "Strasbourg Alsace",
    "Olympique Lyon": "Olympique Lyon",
    "Clermont Foot 63": "Clermont Foot",
    "ESTAC Troyes": "Troyes",
    "Stade Brest 29": "Stade Brestois",
    "Stade Rennes": "Stade Rennes",
    "Girondins Bordeaux": "Bordeaux",
    "SM Caen": "SM Caen",
    "Sochaux-Montbeliard": "Sochaux",
    "AJ Auxerre": "AJ Auxerre",
    "AC Ajaccio": "AC Ajaccio",
    "Grenoble Foot": "Grenoble Foot",
    "EA Guingamp": "EA Guingamp",
    "Chamois Niort FC": "Chamois Niort",
    "Le Havre AC": "Le Havre",
    "Paris FC": "Paris FC",
    "Rodez Aveyron": "Rodez Aveyron",
    "Valenciennes FC": "Valenciennes",
    "Nimes Olympique": "Olympique Nimes",
    "Pau FC": "Pau FC",
    "Toulouse FC": "Toulouse",
    "Amiens SC": "Amiens SC",
    "Quevilly-Rouen Metropole": "Quevilly-Rouen",
    "USL Dunkerque": "USL Dunkerque",
    "Nancy-Lorraine": "Nancy",
    "Hellas Verona": "Hellas Verona",
    "Sassuolo Calcio": "Sassuolo",
    "Inter Milano": "Inter Milan",
    "FC Empoli": "Empoli",
    "Lazio Roma": "Lazio",
    "Juventus Turin": "Juventus",
    "Bologna FC": "Bologna",
    "Sportiva Salernitana": "Salernitana",
    "Venezia": "Venezia",
    "Sampdoria Genoa": "Sampdoria",
    "Newcastle United": "Newcastle",
    "Crystal Palace": "Crystal Palace",
    "Manchester City": "Manchester City",
    "Norwich City": "Norwich",
    "Brighton & Hove Albion": "Brighton",
    "Manchester United": "Manchester United",
    "Wolverhampton Wanderers": "Wolves",
    "Tottenham Hotspur": "Tottenham",
    "West Ham United": "West Ham",
    "Leicester City": "Leicester",
    "Paris Saint-Germain": "PSG",
    "Serie A": "Serie A",
    "Serie B": "Serie B",
    "Bundesliga": "Bundesliga",
    "2nd Bundesliga": "2 Bundesliga",
    "Premier League": "Premier League",
    "Championship": "Championship",
    "Ligue 1": "Ligue 1",
    "Ligue 2": "Ligue 2",
    "League One": "League One",
    "League Two": "League Two",
    "LaLiga": "La Liga",
    "LaLiga 2": "La Liga 2",
    "Tranmere Rovers Birkenhead": "Tranmere",
    "Sutton United": "Sutton United",
    "Hartlepool United": "Hartlepool United",
    "Newport County": "Newport County",
    "Real Betis Sevilla": "Real Betis",
    "Espanyol Barcelona": "Espanyol",
    "Real Sociedad San Sebastian": "Real Sociedad",
    "SC Bastia": "SC Bastia",
    "Venezia FC": "Venezia",
    "Lazio Rome": "Lazio",
    "US Salernitana": "Salernitana"
}